Unnamed: 0,label,gender,profession,ideology_binary,ideology_multiclass,tweet,cleaned_tweet
0,015f536ad54d267bef6d9a08019f735f,male,journalist,right,left,"Ayer, en Guadalajara: feministas arrojaban √°cido a cat√≥licos que proteg√≠an la catedral. Quemaron a mujeres cat√≥licas con esas sustancias. Un hombre quiso sacarles los recipientes y le partieron un bate en la cabeza. Termin√≥ internado. ¬øLos medios? En absoluto silencio.","Ayer, en Guadalajara: feministas arrojaban √°cido a cat√≥licos que proteg√≠an la catedral. Quemaron a mujeres cat√≥licas con esas sustancias. Un hombre quiso sacarles los recipientes y le partieron un bate en la cabeza. Termin√≥ internado. ¬øLos medios? En absoluto silencio."
1,015f536ad54d267bef6d9a08019f735f,male,journalist,right,left,"‚ÄúChile Vamos‚Äù, o sea, la centro-derechita cobarde, pact√≥ hoy con el gobierno izquierdista de Boric para continuar con la farsa del proceso constituyente que acaba de ser aplastado en las urnas. Una vez m√°s, queda demostrado que la centro-derecha no es oposici√≥n de NADA.","‚ÄúChile Vamos‚Äù, o sea, la centro-derechita cobarde, pact√≥ hoy con el gobierno izquierdista de Boric para continuar con la farsa del proceso constituyente que acaba de ser aplastado en las urnas. Una vez m√°s, queda demostrado que la centro-derecha no es oposici√≥n de NADA."
2,015f536ad54d267bef6d9a08019f735f,male,journalist,right,left,"Se est√° tratando de silenciar que en Bolivia, en este momento, grupos armados afines al gobierno han cercado Santa Cruz, ejerciendo una violencia inusitada contra su poblaci√≥n. ¬øD√≥nde est√°n las agrupaciones de ‚Äúderechos humanos‚Äù? Festejando a Lula‚Ä¶","Se est√° tratando de silenciar que en Bolivia, en este momento, grupos armados afines al gobierno han cercado Santa Cruz, ejerciendo una violencia inusitada contra su poblaci√≥n. ¬øD√≥nde est√°n las agrupaciones de ‚Äúderechos humanos‚Äù? Festejando a Lula‚Ä¶"
3,015f536ad54d267bef6d9a08019f735f,male,journalist,right,left,"@user Luc√≠a, lo siento pero no es as√≠. Hebe jam√°s se arrepinti√≥ de nada, y Bergoglio en su carta tampoco la perdona de nada, sino que se dedica a decir qu√© maravillosa ‚Äúdefensora de los DDHH‚Äù era esta corrupta aliada del terrorismo internacional. Lee la carta:","@user Luc√≠a, lo siento pero no es as√≠. Hebe jam√°s se arrepinti√≥ de nada, y Bergoglio en su carta tampoco la perdona de nada, sino que se dedica a decir qu√© maravillosa ‚Äúdefensora de los DDHH‚Äù era esta corrupta aliada del terrorismo internacional. Lee la carta:"
4,015f536ad54d267bef6d9a08019f735f,male,journalist,right,left,JxC no dio qu√≥rum para eliminar el impuesto a las tarjetas de cr√©dito. ‚ÄúLiberales‚Äù en JxC: ‚Äú¬°pero no me gustan las formas de Milei @user !‚Äù,JxC no dio qu√≥rum para eliminar el impuesto a las tarjetas de cr√©dito. ‚ÄúLiberales‚Äù en JxC: ‚Äú¬°pero no me gustan las formas de Milei @user !‚Äù
5,015f536ad54d267bef6d9a08019f735f,male,journalist,right,left,"En Colombia, el d√≥lar ya est√° casi a 5.000 pesos. Hace muy pocos meses, cuando Petro fue electo, estaba en 3.900. Era demasiado previsible‚Ä¶ cuando gan√≥ Petro, los mamertos me dec√≠an ‚Äú¬°ve a llorar!‚Äù, a m√≠, que ni siquiera vivo all√≠. Pobres idiotas; son monos con navaja.","En Colombia, el d√≥lar ya est√° casi a 5.000 pesos. Hace muy pocos meses, cuando Petro fue electo, estaba en 3.900. Era demasiado previsible‚Ä¶ cuando gan√≥ Petro, los mamertos me dec√≠an ‚Äú¬°ve a llorar!‚Äù, a m√≠, que ni siquiera vivo all√≠. Pobres idiotas; son monos con navaja."
6,015f536ad54d267bef6d9a08019f735f,male,journalist,right,left,"Pedro Castillo acaba de convertirse en dictador. Derrocarlo es un deber pol√≠tico y moral de todo ciudadano de bien, y de toda fuerza p√∫blica que respete el orden democr√°tico.","Pedro Castillo acaba de convertirse en dictador. Derrocarlo es un deber pol√≠tico y moral de todo ciudadano de bien, y de toda fuerza p√∫blica que respete el orden democr√°tico."
7,015f536ad54d267bef6d9a08019f735f,male,journalist,right,left,Atenci√≥n M√©xico üá≤üáΩ !!!. El pr√≥ximo 5 de septiembre estar√© en San Luis Potos√≠!!. Los espero.,Atenci√≥n M√©xico :Mexico: !!!. El pr√≥ximo 5 de septiembre estar√© en San Luis Potos√≠!!. Los espero.
8,015f536ad54d267bef6d9a08019f735f,male,journalist,right,left,"@user Hola, quer√≠a consultarles si no van a mencionar que, ese mismo ‚Äúser de luz‚Äù al que se refieren, reivindic√≥ dictaduras que violaron sistem√°ticamente los DHHH (como la cubana), y que dijo haber brindado con champagne cuando se produjo el atentado contra [POLITICIAN] Gemelas. ¬ø?","@user Hola, quer√≠a consultarles si no van a mencionar que, ese mismo ‚Äúser de luz‚Äù al que se refieren, reivindic√≥ dictaduras que violaron sistem√°ticamente los DHHH (como la cubana), y que dijo haber brindado con champagne cuando se produjo el atentado contra [POLITICIAN] Gemelas. ¬ø?"
9,015f536ad54d267bef6d9a08019f735f,male,journalist,right,left,"¬°¬°¬°BRAVO!!!. @user : ""en vez de recurrir a gestos vac√≠os como celebrar el 'mes de la herencia Latinx' las corporaciones de izquierda pudieran realmente ayudar a los latinos apoyando los esfuerzos de reubicaci√≥n de migrantes."".. La batalla cultural se gana con firmeza.","¬°¬°¬°BRAVO!!!. @user : ""en vez de recurrir a gestos vac√≠os como celebrar el 'mes de la herencia Latinx' las corporaciones de izquierda pudieran realmente ayudar a los latinos apoyando los esfuerzos de reubicaci√≥n de migrantes."".. La batalla cultural se gana con firmeza."
10,015f536ad54d267bef6d9a08019f735f,male,journalist,right,left,"Cortarse el pelo por Ir√°n, muy lejos de ser una acci√≥n pol√≠tica, es un acto narcisista en busca de likes, aplausos y cobertura medi√°tica. La pol√≠tica es otra cosa.","Cortarse el pelo por Ir√°n, muy lejos de ser una acci√≥n pol√≠tica, es un acto narcisista en busca de likes, aplausos y cobertura medi√°tica. La pol√≠tica es otra cosa."
11,015f536ad54d267bef6d9a08019f735f,male,journalist,right,left,"Acabo de escuchar el ‚Äúdiscurso‚Äù de Gustavo Petro en la ONU. Primero, pens√© que era fake. Despu√©s, me pregunt√© cu√°ntas botellas de whisky se habr√≠a tomado antes de llegar al recinto. Finalmente, me acord√© de sus votantes, y solamente pude pensar: se lo merecen.","Acabo de escuchar el ‚Äúdiscurso‚Äù de Gustavo Petro en la ONU. Primero, pens√© que era fake. Despu√©s, me pregunt√© cu√°ntas botellas de whisky se habr√≠a tomado antes de llegar al recinto. Finalmente, me acord√© de sus votantes, y solamente pude pensar: se lo merecen."
12,015f536ad54d267bef6d9a08019f735f,male,journalist,right,left,"¬øGuardiana de la Patria? Se rob√≥ todo junto al parricida de Schoklender en esa estafa llamada ‚ÄúSue√±os Compartidos‚Äù. Nunca devolvieron un centavo, nunca hicieron las casas. No sorprende: los referentes q ustedes tienen est√°n, por definici√≥n, involucrados en cr√≠menes y corrupci√≥n.","¬øGuardiana de la Patria? Se rob√≥ todo junto al parricida de Schoklender en esa estafa llamada ‚ÄúSue√±os Compartidos‚Äù. Nunca devolvieron un centavo, nunca hicieron las casas. No sorprende: los referentes q ustedes tienen est√°n, por definici√≥n, involucrados en cr√≠menes y corrupci√≥n."
13,015f536ad54d267bef6d9a08019f735f,male,journalist,right,left,¬°Pre-ordena ya ‚ÄúGeneraci√≥n idiota‚Äù y aprovecha un gran descuento y una invitaci√≥n a un evento privado online! .,¬°Pre-ordena ya ‚ÄúGeneraci√≥n idiota‚Äù y aprovecha un gran descuento y una invitaci√≥n a un evento privado online! .
14,015f536ad54d267bef6d9a08019f735f,male,journalist,right,left,@user ¬øLoca? ¬øPor decir una verdad biol√≥gica? Loco es creer que el hombre y la mujer se definen por su autopercepci√≥n; hormonizar y someter a cirug√≠as de ‚Äúreasignaci√≥n de sexo‚Äù a ni√±os es un abuso. ¬øUsted promueve eso?,@user ¬øLoca? ¬øPor decir una verdad biol√≥gica? Loco es creer que el hombre y la mujer se definen por su autopercepci√≥n; hormonizar y someter a cirug√≠as de ‚Äúreasignaci√≥n de sexo‚Äù a ni√±os es un abuso. ¬øUsted promueve eso?
15,015f536ad54d267bef6d9a08019f735f,male,journalist,right,left,Las tesis pro-pedofilia en Chile muestran cu√°n equivocados estaban los liberales de extremo centro: totalmente ciegos a una ideolog√≠a de la q se tornaron c√≥mplices e incluso promotores. Ya no pueden acusarnos m√°s de ‚Äúconspiranoicos‚Äù; nosotros los se√±alaremos como idiotas √∫tiles.,Las tesis pro-pedofilia en Chile muestran cu√°n equivocados estaban los liberales de extremo centro: totalmente ciegos a una ideolog√≠a de la q se tornaron c√≥mplices e incluso promotores. Ya no pueden acusarnos m√°s de ‚Äúconspiranoicos‚Äù; nosotros los se√±alaremos como idiotas √∫tiles.
16,015f536ad54d267bef6d9a08019f735f,male,journalist,right,left,"@user Pero la carta de Bergoglio no perdona nada, pues no se refiere en ning√∫n lugar a ninguna falta. Esa carta es una mera reivindicaci√≥n de una mujer que fue aliada de ETA, M-19, FARC, EZLN y una defensora de los atentados de Al-Qaeda, adem√°s de enemiga de la Iglesia.","@user Pero la carta de Bergoglio no perdona nada, pues no se refiere en ning√∫n lugar a ninguna falta. Esa carta es una mera reivindicaci√≥n de una mujer que fue aliada de ETA, M-19, FARC, EZLN y una defensora de los atentados de Al-Qaeda, adem√°s de enemiga de la Iglesia."
17,015f536ad54d267bef6d9a08019f735f,male,journalist,right,left,"@user Hola Mayra, google√© y encontr√© esto: millones de d√≥lares donados por organizaciones globalistas anticat√≥licas a ‚ÄúCat√≥licas por el Derecho a Decidir‚Äù. Entre ellas, Ford Foundation y la red de cl√≠nicas abortistas IPPF. Lo siento, pero ustedes de ‚Äúcat√≥licas‚Äù s√≥lo tienen el nombre.","@user Hola Mayra, google√© y encontr√© esto: millones de d√≥lares donados por organizaciones globalistas anticat√≥licas a ‚ÄúCat√≥licas por el Derecho a Decidir‚Äù. Entre ellas, Ford Foundation y la red de cl√≠nicas abortistas IPPF. Lo siento, pero ustedes de ‚Äúcat√≥licas‚Äù s√≥lo tienen el nombre."
18,015f536ad54d267bef6d9a08019f735f,male,journalist,right,left,Alberto Fern√°ndez dice que los jugadores no fueron a la Casa Rosada ‚Äúporque estaban cansados‚Äù. ¬øA qui√©n cree que enga√±a? Los jugadores simplemente no se dejaron utilizar pol√≠ticamente por un gobierno de corruptos y delincuentes.,Alberto Fern√°ndez dice que los jugadores no fueron a la Casa Rosada ‚Äúporque estaban cansados‚Äù. ¬øA qui√©n cree que enga√±a? Los jugadores simplemente no se dejaron utilizar pol√≠ticamente por un gobierno de corruptos y delincuentes.
19,015f536ad54d267bef6d9a08019f735f,male,journalist,right,left,"¬øRevivi√≥ Pinochet porque la inmensa mayor√≠a del pueblo, en plebiscito, rechaz√≥ un texto constitucional liberticida y vergonzoso?. Petro, usted adem√°s de c√≠nico, es BRUTO: la actual Constituci√≥n chilena fue reformada numerosas veces en DEMOCRACIA!!!","¬øRevivi√≥ Pinochet porque la inmensa mayor√≠a del pueblo, en plebiscito, rechaz√≥ un texto constitucional liberticida y vergonzoso?. Petro, usted adem√°s de c√≠nico, es BRUTO: la actual Constituci√≥n chilena fue reformada numerosas veces en DEMOCRACIA!!!"
20,015f536ad54d267bef6d9a08019f735f,male,journalist,right,left,"‚ÄúLas diversidades‚Äù: la forma favorita del idiota contempor√°neo de llamar a lo que, en realidad, sigue significando ‚Äúlos anormales‚Äù. En efecto, nada nuevo quieren decir con eso de ‚Äúlas diversidades‚Äù, m√°s all√° de ‚Äúlo que se sale de la norma‚Äù. Pobres diablos pol√≠ticamente correctos.","‚ÄúLas diversidades‚Äù: la forma favorita del idiota contempor√°neo de llamar a lo que, en realidad, sigue significando ‚Äúlos anormales‚Äù. En efecto, nada nuevo quieren decir con eso de ‚Äúlas diversidades‚Äù, m√°s all√° de ‚Äúlo que se sale de la norma‚Äù. Pobres diablos pol√≠ticamente correctos."
21,015f536ad54d267bef6d9a08019f735f,male,journalist,right,left,El gobierno apretando jueces por cadena nacional a pocas horas de que la corrupta Cristina Kirchner sea condenada. Est√°n desesperados.,El gobierno apretando jueces por cadena nacional a pocas horas de que la corrupta Cristina Kirchner sea condenada. Est√°n desesperados.
22,015f536ad54d267bef6d9a08019f735f,male,journalist,right,left,"@user Vos solo traes tristezas, frustraciones y maldad al pueblo argentino. No sos parte de nada que sea bueno. Por suerte en un a√±o ya te vas.","@user Vos solo traes tristezas, frustraciones y maldad al pueblo argentino. No sos parte de nada que sea bueno. Por suerte en un a√±o ya te vas."
23,015f536ad54d267bef6d9a08019f735f,male,journalist,right,left,[HASHTAG] al √∫nico espa√±ol invitado por Rusia como observador de los refer√©ndums del Donb√°s:. ‚ÄúSe llevaron urnas m√≥viles al frente‚Äù. ‚Äú¬øZelenski? Hitler tambi√©n gan√≥ unas elecciones‚Äù. ‚Äú¬øLas votaciones rocambolescas y corruptas de Afganist√°n s√≠ val√≠an?‚Äù.,[HASHTAG] al √∫nico espa√±ol invitado por Rusia como observador de los refer√©ndums del Donb√°s:. ‚ÄúSe llevaron urnas m√≥viles al frente‚Äù. ‚Äú¬øZelenski? Hitler tambi√©n gan√≥ unas elecciones‚Äù. ‚Äú¬øLas votaciones rocambolescas y corruptas de Afganist√°n s√≠ val√≠an?‚Äù.
24,015f536ad54d267bef6d9a08019f735f,male,journalist,right,left,"‚ÄúLa m√°s urgente es la gran pregunta: cuando las tropas de Mosc√∫ entraron en el pueblo‚Ä¶ ¬øt√∫ colaboraste con los rusos?‚Äù. Una bala, un cura y un prorruso: el dilema de Ucrania con los colaboracionistas. Han detectado ya 700. ‚Å¶@user ‚Å© est√° all√≠ .","‚ÄúLa m√°s urgente es la gran pregunta: cuando las tropas de Mosc√∫ entraron en el pueblo‚Ä¶ ¬øt√∫ colaboraste con los rusos?‚Äù. Una bala, un cura y un prorruso: el dilema de Ucrania con los colaboracionistas. Han detectado ya 700. ‚Å¶@user ‚Å© est√° all√≠ ."
25,015f536ad54d267bef6d9a08019f735f,male,journalist,right,left,Ultras de la ri√±a donde muri√≥ Jimmy buscan pactar para evitar penas de c√°rcel y multas altas. Fiscal√≠a propone sanciones m√≠nimas de 1.080‚Ç¨. Acusados prefieren asumir y no abrir la puerta a las de la Ley contra la Violencia en el Deporte. Algunas claves:.,Ultras de la ri√±a donde muri√≥ Jimmy buscan pactar para evitar penas de c√°rcel y multas altas. Fiscal√≠a propone sanciones m√≠nimas de 1.080‚Ç¨. Acusados prefieren asumir y no abrir la puerta a las de la Ley contra la Violencia en el Deporte. Algunas claves:.
26,015f536ad54d267bef6d9a08019f735f,male,journalist,right,left,"La Polic√≠a segu√≠a desde hace d√≠as al jubilado de las cartas por si colaboraba con alguien. Monitorizaron sus pasos ante la sospecha de que celebrase alguna reuni√≥n de inter√©s. Los investigadores creen, tras el registro, que pretend√≠a hacer m√°s env√≠os.","La Polic√≠a segu√≠a desde hace d√≠as al jubilado de las cartas por si colaboraba con alguien. Monitorizaron sus pasos ante la sospecha de que celebrase alguna reuni√≥n de inter√©s. Los investigadores creen, tras el registro, que pretend√≠a hacer m√°s env√≠os."
27,015f536ad54d267bef6d9a08019f735f,male,journalist,right,left,"üî¥ La delegada de Ceuta culpa a Marlaska e Interior del retorno de menores: ""Recib√≠ √≥rdenes"". Mateos confes√≥ a la juez que el plan ilegal se impuls√≥ con Marruecos tras una reuni√≥n con el ministro en Madrid, con ‚Å¶@user ‚Å© y ‚Å¶@user ‚Å©.",":red_circle: La delegada de Ceuta culpa a Marlaska e Interior del retorno de menores: ""Recib√≠ √≥rdenes"". Mateos confes√≥ a la juez que el plan ilegal se impuls√≥ con Marruecos tras una reuni√≥n con el ministro en Madrid, con ‚Å¶@user ‚Å© y ‚Å¶@user ‚Å©."
28,015f536ad54d267bef6d9a08019f735f,male,journalist,right,left,"Atleti y buenos amigos. Fue un placer, como siempre, colaborar con la mejor revista del kiosko. Por diez a√±os m√°s contando historias de f√∫tbol sin olvidar a la grada.","Atleti y buenos amigos. Fue un placer, como siempre, colaborar con la mejor revista del kiosko. Por diez a√±os m√°s contando historias de f√∫tbol sin olvidar a la grada."
29,015f536ad54d267bef6d9a08019f735f,male,journalist,right,left,"Rubiales, en un Real Madrid-Sevilla: ""A ver si nos cepillamos a los palangana, me caen mal"". Nuevos mensajes del presidente de la ‚Å¶@user ‚Å©, con ‚Å¶@user ‚Å©.","Rubiales, en un Real Madrid-Sevilla: ""A ver si nos cepillamos a los palangana, me caen mal"". Nuevos mensajes del presidente de la ‚Å¶@user ‚Å©, con ‚Å¶@user ‚Å©."
30,015f536ad54d267bef6d9a08019f735f,male,journalist,right,left,"Tantos muertos por la p√©sima gesti√≥n de la pandemia del gobierno argentino, y @user viene a calificar de ‚Äúmonumento de la derecha‚Äù el homenaje a los fallecidos. Los familiares de los muertos deber√≠an pedir la renuncia inmediata de esta ANIMAL.","Tantos muertos por la p√©sima gesti√≥n de la pandemia del gobierno argentino, y @user viene a calificar de ‚Äúmonumento de la derecha‚Äù el homenaje a los fallecidos. Los familiares de los muertos deber√≠an pedir la renuncia inmediata de esta ANIMAL."
31,015f536ad54d267bef6d9a08019f735f,male,journalist,right,left,"@user Muchas gracias, Javi. Mucha responsabilidad. Es un libro que rinde culto a la previa. De hecho, es casi como una previa de las largas. Pero espero que no acabe en resaca.","@user Muchas gracias, Javi. Mucha responsabilidad. Es un libro que rinde culto a la previa. De hecho, es casi como una previa de las largas. Pero espero que no acabe en resaca."
32,015f536ad54d267bef6d9a08019f735f,male,journalist,right,left,Gana Boca en La Plata el partido aplazado por los incidentes en los que muri√≥ un hincha de Gimnasia. Da paso y medio para proclamarse campe√≥n en el √∫ltimo partido en la Bombonera contra Independiente. Racing todav√≠a cree. Juega contra River Plate.,Gana Boca en La Plata el partido aplazado por los incidentes en los que muri√≥ un hincha de Gimnasia. Da paso y medio para proclamarse campe√≥n en el √∫ltimo partido en la Bombonera contra Independiente. Racing todav√≠a cree. Juega contra River Plate.
33,015f536ad54d267bef6d9a08019f735f,male,journalist,right,left,"La joven mexicana acusa a la exedil de Ourense de amenazarla con las ""altas esferas pol√≠ticas"". La denuncia que investiga Fiscal√≠a recoge una docena de agresiones f√≠sicas y cuenta que la chica escap√≥ gracias a la ayuda de una t√≠a de la exconcejal del [POLITICAL_PARTY].","La joven mexicana acusa a la exedil de Ourense de amenazarla con las ""altas esferas pol√≠ticas"". La denuncia que investiga Fiscal√≠a recoge una docena de agresiones f√≠sicas y cuenta que la chica escap√≥ gracias a la ayuda de una t√≠a de la exconcejal del [POLITICAL_PARTY]."
34,015f536ad54d267bef6d9a08019f735f,male,journalist,right,left,"El arresto de Said Badaoui, l√≠der isl√°mico en Catalu√±a, abre un frente entre Interior y el independentismo, que denuncia ""islamofobia"". Tiene fotos con pol√≠ticos y en el Congreso. Para unos es un peligroso salafista. Para otros, un activista. Aqu√≠ su caso:.","El arresto de Said Badaoui, l√≠der isl√°mico en Catalu√±a, abre un frente entre Interior y el independentismo, que denuncia ""islamofobia"". Tiene fotos con pol√≠ticos y en el Congreso. Para unos es un peligroso salafista. Para otros, un activista. Aqu√≠ su caso:."
35,015f536ad54d267bef6d9a08019f735f,male,journalist,right,left,El √∫ltimo escrito del Defensor del Pueblo a Interior por [HASHTAG] agrava el pulso. Gabilondo (aqu√≠ su texto √≠ntegro) denuncia que han rechazado todas sus recomendaciones y ya las eleva en persona a Marlaska. Rebate argumentos de Interior como este:.,El √∫ltimo escrito del Defensor del Pueblo a Interior por [HASHTAG] agrava el pulso. Gabilondo (aqu√≠ su texto √≠ntegro) denuncia que han rechazado todas sus recomendaciones y ya las eleva en persona a Marlaska. Rebate argumentos de Interior como este:.
36,015f536ad54d267bef6d9a08019f735f,male,journalist,right,left,"El Foro Econ√≥mico Mundial es la estructura plutocr√°tica global que ha comprado a las izquierdas occidentales con banderitas multicolor, agendas abortistas, dietas veganas y pu√±os feministas. Al final, los zurdos terminaron siendo los mejores empleados del poder plutocr√°tico.","El Foro Econ√≥mico Mundial es la estructura plutocr√°tica global que ha comprado a las izquierdas occidentales con banderitas multicolor, agendas abortistas, dietas veganas y pu√±os feministas. Al final, los zurdos terminaron siendo los mejores empleados del poder plutocr√°tico."
37,015f536ad54d267bef6d9a08019f735f,male,journalist,right,left,"‚ÄúDialogar‚Äù: a√∫n con 62% diciendo NO. La centro-derechita cobarde no sabe hacer otra cosa m√°s que ‚Äúdialogar‚Äù; y en cada ‚Äúdi√°logo‚Äù, la corren cada vez m√°s hacia la izquierda. De eso se trata todo el juego.","‚ÄúDialogar‚Äù: a√∫n con 62% diciendo NO. La centro-derechita cobarde no sabe hacer otra cosa m√°s que ‚Äúdialogar‚Äù; y en cada ‚Äúdi√°logo‚Äù, la corren cada vez m√°s hacia la izquierda. De eso se trata todo el juego."
38,015f536ad54d267bef6d9a08019f735f,male,journalist,right,left,"Miren lo que dice este desgraciado: no fue arrinconado por ‚Äúser profesor de la Sierra‚Äù, sino por ser un CORRUPTO!!!. Cada d√≠a es m√°s claro para todos que los [POLITICAL_PARTY] del siglo XXI son un cartel de corrupci√≥n internacional. Tratan de cubrirse las espaldas entre ellos.","Miren lo que dice este desgraciado: no fue arrinconado por ‚Äúser profesor de la Sierra‚Äù, sino por ser un CORRUPTO!!!. Cada d√≠a es m√°s claro para todos que los [POLITICAL_PARTY] del siglo XXI son un cartel de corrupci√≥n internacional. Tratan de cubrirse las espaldas entre ellos."
39,015f536ad54d267bef6d9a08019f735f,male,journalist,right,left,"Se cumplen 25 a√±os de la muerte de Billy Bremmer, el escoc√©s que capitane√≥ el temido Leeds de los 60 y 70. Milit√≥ en el club 17 a√±os. Aquel equipo duro fue llevado al cine con 'The Damned United', basada en la novela hom√≥nima. A 'King Billy' le interpret√≥ el actor Stephen Graham","Se cumplen 25 a√±os de la muerte de Billy Bremmer, el escoc√©s que capitane√≥ el temido Leeds de los 60 y 70. Milit√≥ en el club 17 a√±os. Aquel equipo duro fue llevado al cine con 'The Damned United', basada en la novela hom√≥nima. A 'King Billy' le interpret√≥ el actor Stephen Graham"
40,015f536ad54d267bef6d9a08019f735f,male,journalist,right,left,"He recibido un reconocimiento en el Congreso de Costa Rica üá®üá∑, de parte de la bancada de Nueva Rep√∫blica. Es un inmenso honor para m√≠, que agradezco a todos los diputados de este espacio, y especialmente a @user .","He recibido un reconocimiento en el Congreso de Costa Rica :Costa_Rica:, de parte de la bancada de Nueva Rep√∫blica. Es un inmenso honor para m√≠, que agradezco a todos los diputados de este espacio, y especialmente a @user ."
41,015f536ad54d267bef6d9a08019f735f,male,journalist,right,left,NUEVO VIDEO:. 5 razones a favor de Bolsonaro. Gracias a quienes difunden!!. @user,NUEVO VIDEO:. 5 razones a favor de Bolsonaro. Gracias a quienes difunden!!. @user
42,015f536ad54d267bef6d9a08019f735f,male,journalist,right,left,"Hoy, nada menos que el Chicago Tribune publica una extensa entrevista que uno de sus periodistas me hizo. Hablamos de todo: desde los socialismos de Am√©rica Latina, hasta de batalla cultural, pasando por feminismo, aborto y cultura de la cancelaci√≥n.","Hoy, nada menos que el Chicago Tribune publica una extensa entrevista que uno de sus periodistas me hizo. Hablamos de todo: desde los socialismos de Am√©rica Latina, hasta de batalla cultural, pasando por feminismo, aborto y cultura de la cancelaci√≥n."
43,015f536ad54d267bef6d9a08019f735f,male,journalist,right,left,"Incre√≠ble. Aunque solo lleva unos meses en su cargo, la republicana @user ya es m√°s popular que la socialista Alexandria Ocasio-Cortez entre los hispanos estadounidenses que las conocen seg√∫n esta encuesta.","Incre√≠ble. Aunque solo lleva unos meses en su cargo, la republicana @user ya es m√°s popular que la socialista Alexandria Ocasio-Cortez entre los hispanos estadounidenses que las conocen seg√∫n esta encuesta."
44,015f536ad54d267bef6d9a08019f735f,male,journalist,right,left,@user √Ånimo querido Pedro!!! Hay que impulsar la Nueva Derecha en RD !!,@user √Ånimo querido Pedro!!! Hay que impulsar la Nueva Derecha en RD !!
45,015f536ad54d267bef6d9a08019f735f,male,journalist,right,left,La grieta no se puede cerrar: hay que asumirla. - ¬øTen√©s un hijo K? Dej√° de financiarlo. - ¬øTen√©s comercio? Cerr√° tus puertas a militantes K. - ¬øSos empleador? No contrates K. - ¬øVas a una iglesia donde el cura es K? Dej√° de ir ah√≠. Hay que cortar todo v√≠nculo con estas ratas.,La grieta no se puede cerrar: hay que asumirla. - ¬øTen√©s un hijo K? Dej√° de financiarlo. - ¬øTen√©s comercio? Cerr√° tus puertas a militantes K. - ¬øSos empleador? No contrates K. - ¬øVas a una iglesia donde el cura es K? Dej√° de ir ah√≠. Hay que cortar todo v√≠nculo con estas ratas.
46,015f536ad54d267bef6d9a08019f735f,male,journalist,right,left,"Parece que los progres tambi√©n son biol√≥gicamente analfabetos en los Estados Unidos. Utilizan lenguaje orwelliano para deshumanizar a los beb√©s con el fin de justificar sus posturas radicales del aborto hasta el nacimiento. Se√±ora, un beb√© no es ""su cuerpo"".","Parece que los progres tambi√©n son biol√≥gicamente analfabetos en los Estados Unidos. Utilizan lenguaje orwelliano para deshumanizar a los beb√©s con el fin de justificar sus posturas radicales del aborto hasta el nacimiento. Se√±ora, un beb√© no es ""su cuerpo""."
47,015f536ad54d267bef6d9a08019f735f,male,journalist,right,left,"Cosas que los dem√≥cratas creen que existen:. Pa√≠ses ""Latinx"". Hombres embarazados. El cerebro de Kamala Harris","Cosas que los dem√≥cratas creen que existen:. Pa√≠ses ""Latinx"". Hombres embarazados. El cerebro de Kamala Harris"
48,015f536ad54d267bef6d9a08019f735f,male,journalist,right,left,"La compa√±era de f√≥rmula de Charlie Crist es una jefa sindical que dio ""las dos caras"" del legado de Fidel Castro, y que menosprecia a los veteranos. ¬øEst√°n los dem√≥cratas tratando de perder Florida para siempre?. DeSantis barrer√° el suelo con la izquierda.","La compa√±era de f√≥rmula de Charlie Crist es una jefa sindical que dio ""las dos caras"" del legado de Fidel Castro, y que menosprecia a los veteranos. ¬øEst√°n los dem√≥cratas tratando de perder Florida para siempre?. DeSantis barrer√° el suelo con la izquierda."
49,015f536ad54d267bef6d9a08019f735f,male,journalist,right,left,"Ustedes mismos incumplieron Acuerdo por la Paz de 19 noviembre 2019, que prometieron a los chilenos. No han tra√≠do paz y los chilenos ya les respondieron que no quieren su nueva Constituci√≥n. La centro-derecha cobarde crea un abismo entre sus dirigentes y sus bases de votantes.","Ustedes mismos incumplieron Acuerdo por la Paz de 19 noviembre 2019, que prometieron a los chilenos. No han tra√≠do paz y los chilenos ya les respondieron que no quieren su nueva Constituci√≥n. La centro-derecha cobarde crea un abismo entre sus dirigentes y sus bases de votantes."
50,015f536ad54d267bef6d9a08019f735f,male,journalist,right,left,Acto a favor del ‚ÄúAPRUEBO‚Äù en Chile: se meten una bandera chilena en el ano. La centro-derecha boba est√° confundida: nunca ha querido entender qu√© es todo esto. Se llama ‚Äúpornoterrorismo‚Äù. Fue explicado en mi ‚ÄúLibro negro‚Ä¶‚Äù ¬°en 2016!. Pero me dec√≠an que eran inventos m√≠os.,Acto a favor del ‚ÄúAPRUEBO‚Äù en Chile: se meten una bandera chilena en el ano. La centro-derecha boba est√° confundida: nunca ha querido entender qu√© es todo esto. Se llama ‚Äúpornoterrorismo‚Äù. Fue explicado en mi ‚ÄúLibro negro‚Ä¶‚Äù ¬°en 2016!. Pero me dec√≠an que eran inventos m√≠os.
51,015f536ad54d267bef6d9a08019f735f,male,journalist,right,left,"La ministra de Minas de Colombia, Irene V√©lez, es una mujer in√∫til para el cargo que ocupa. Y no es in√∫til por ser mujer, es in√∫til por ser in√∫til: ha demostrado, en muy poco tiempo, de manera sobrada, que no tiene ninguna formaci√≥n real para ocupar esa important√≠sima cartera.","La ministra de Minas de Colombia, Irene V√©lez, es una mujer in√∫til para el cargo que ocupa. Y no es in√∫til por ser mujer, es in√∫til por ser in√∫til: ha demostrado, en muy poco tiempo, de manera sobrada, que no tiene ninguna formaci√≥n real para ocupar esa important√≠sima cartera."
52,015f536ad54d267bef6d9a08019f735f,male,journalist,right,left,"Castillo se cae solito‚Ä¶ su gobierno fue un desastre, √©l y su familia no dejaron acto de corrupci√≥n por cometer, su popularidad est√° por el suelo, y no le queda m√°s opci√≥n que intentar un golpe de Estado. ¬°Un aplauso para los 8 millones de IDIOTAS que en su momento lo votaron!","Castillo se cae solito‚Ä¶ su gobierno fue un desastre, √©l y su familia no dejaron acto de corrupci√≥n por cometer, su popularidad est√° por el suelo, y no le queda m√°s opci√≥n que intentar un golpe de Estado. ¬°Un aplauso para los 8 millones de IDIOTAS que en su momento lo votaron!"
53,015f536ad54d267bef6d9a08019f735f,male,journalist,right,left,Todo indica que habr√° un tsunami rojo (de derecha) en Estados Unidos esta noche y que los hispanos como @user ser√°n una parte esencial de esa gran victoria.,Todo indica que habr√° un tsunami rojo (de derecha) en Estados Unidos esta noche y que los hispanos como @user ser√°n una parte esencial de esa gran victoria.
54,015f536ad54d267bef6d9a08019f735f,male,journalist,right,left,"Liberprogres salen del closet: apoyan expl√≠citamente al socialista corrupto Lula da Silva en Brasil. Se confirma lo que venimos diciendo hace a√±os: son resentidos sociales, infiltrados de izquierda.","Liberprogres salen del closet: apoyan expl√≠citamente al socialista corrupto Lula da Silva en Brasil. Se confirma lo que venimos diciendo hace a√±os: son resentidos sociales, infiltrados de izquierda."
55,015f536ad54d267bef6d9a08019f735f,male,journalist,right,left,"China mantiene a su poblaci√≥n esclavizada con el cuento del COVID-19 y las violaciones a los DDHH se intensifican. Mientras tanto, los medios occidentales se esfuerzan por no hablar de aquello. ¬øQu√© est√°n protegiendo?","China mantiene a su poblaci√≥n esclavizada con el cuento del COVID-19 y las violaciones a los DDHH se intensifican. Mientras tanto, los medios occidentales se esfuerzan por no hablar de aquello. ¬øQu√© est√°n protegiendo?"
56,015f536ad54d267bef6d9a08019f735f,male,journalist,right,left,@user La Iglesia tampoco es aceptar que 2 + 2 sean 5. Estamos hablando de temas de orden terrenal.,@user La Iglesia tampoco es aceptar que 2 + 2 sean 5. Estamos hablando de temas de orden terrenal.
57,015f536ad54d267bef6d9a08019f735f,male,journalist,right,left,"En Cuba se violan los Derechos Humanos de manera sistem√°tica desde 1959 hasta hoy. Sin embargo, dado q quienes los violan son de izquierdas, ninguna importancia tiene: la revoluci√≥n todo lo justifica. A los dictadores los llaman ‚Äúrevolucionarios‚Äù y a los asesinos ‚Äúguerrilleros‚Äù.","En Cuba se violan los Derechos Humanos de manera sistem√°tica desde 1959 hasta hoy. Sin embargo, dado q quienes los violan son de izquierdas, ninguna importancia tiene: la revoluci√≥n todo lo justifica. A los dictadores los llaman ‚Äúrevolucionarios‚Äù y a los asesinos ‚Äúguerrilleros‚Äù."
58,015f536ad54d267bef6d9a08019f735f,male,journalist,right,left,"La Universidad de Chile ha aprobado tesis en defensa de la pedofilia. Para peor, esas tesis abundan en errores acad√©micos, como una interpretaci√≥n absurda del Emilio de Rousseau, por ejemplo. Analizo todo esto en mi nuevo video:.","La Universidad de Chile ha aprobado tesis en defensa de la pedofilia. Para peor, esas tesis abundan en errores acad√©micos, como una interpretaci√≥n absurda del Emilio de Rousseau, por ejemplo. Analizo todo esto en mi nuevo video:."
59,015f536ad54d267bef6d9a08019f735f,male,journalist,right,left,"El plan de Biden para aliviar los pr√©stamos estudiantiles ha dividido a su partido, ha alienado aun m√°s a los hispanos y aumentar√° los gastos de matr√≠culas. Adem√°s de eso, ha sido muy exitoso. üòÇ.","El plan de Biden para aliviar los pr√©stamos estudiantiles ha dividido a su partido, ha alienado aun m√°s a los hispanos y aumentar√° los gastos de matr√≠culas. Adem√°s de eso, ha sido muy exitoso. :face_with_tears_of_joy:."
60,015f536ad54d267bef6d9a08019f735f,male,journalist,right,left,Hoy fui distinguido con la Medalla de Honor del Congreso de la Rep√∫blica del Per√∫ üáµüá™. Inmenso honor!!!,Hoy fui distinguido con la Medalla de Honor del Congreso de la Rep√∫blica del Per√∫ :Peru:. Inmenso honor!!!
61,015f536ad54d267bef6d9a08019f735f,male,journalist,right,left,Acabo de ver una entrevista a Manes. Impresionante capacidad de no decir absolutamente nada concreto en tantos minutos de pantalla.,Acabo de ver una entrevista a Manes. Impresionante capacidad de no decir absolutamente nada concreto en tantos minutos de pantalla.
62,015f536ad54d267bef6d9a08019f735f,male,journalist,right,left,"Todos indignados porque @user pide, a quienes afirman la existencia de 30mil desaparecidos, que brinden la lista de esos supuestos 30mil. ¬øY c√≥mo no van a indignarse, si nada es m√°s inc√≥modo para los mentirosos que ser expuestos de manera tan flagrante?","Todos indignados porque @user pide, a quienes afirman la existencia de 30mil desaparecidos, que brinden la lista de esos supuestos 30mil. ¬øY c√≥mo no van a indignarse, si nada es m√°s inc√≥modo para los mentirosos que ser expuestos de manera tan flagrante?"
63,015f536ad54d267bef6d9a08019f735f,male,journalist,right,left,"¬°Ma√±ana, en la Feria Internacional del Libro de Guadalajara! üá≤üáΩ. 16hs: firma de libros en el area internacional. 17hs: conferencia en el sal√≥n 9 del √°rea nacional. ¬°Los espero!. ¬°Gracias por ayudar a difundir!","¬°Ma√±ana, en la Feria Internacional del Libro de Guadalajara! :Mexico:. 16hs: firma de libros en el area internacional. 17hs: conferencia en el sal√≥n 9 del √°rea nacional. ¬°Los espero!. ¬°Gracias por ayudar a difundir!"
64,015f536ad54d267bef6d9a08019f735f,male,journalist,right,left,"Si quieren entender c√≥mo los republicanos acaban de obtener su mejor resultado con los hispanos en unas elecciones legislativas, les invito a leer este memor√°ndum. @user estuvo recientemente en mi programa y tuvo la encuesta m√°s precisa de los hispanos.","Si quieren entender c√≥mo los republicanos acaban de obtener su mejor resultado con los hispanos en unas elecciones legislativas, les invito a leer este memor√°ndum. @user estuvo recientemente en mi programa y tuvo la encuesta m√°s precisa de los hispanos."
65,015f536ad54d267bef6d9a08019f735f,male,journalist,right,left,"¬°¬°¬°Incre√≠ble!!! @user acaba de destrozar a la odiosa Ana Navarro en directo en CNN. La llam√≥ ""una republicana de conveniencia"" a su cara. No te lo pierdas.","¬°¬°¬°Incre√≠ble!!! @user acaba de destrozar a la odiosa Ana Navarro en directo en CNN. La llam√≥ ""una republicana de conveniencia"" a su cara. No te lo pierdas."
66,015f536ad54d267bef6d9a08019f735f,male,journalist,right,left,"@user Una interesante: desde que Petro fue elegido hace muy poco, el d√≥lar subi√≥ tanto como en 4 a√±os de Duque.","@user Una interesante: desde que Petro fue elegido hace muy poco, el d√≥lar subi√≥ tanto como en 4 a√±os de Duque."
67,015f536ad54d267bef6d9a08019f735f,male,journalist,right,left,"La corrupta fue condenada!!!. Quienes apoyan a una corrupta, declarada como tal por la justicia desde el d√≠a de hoy, son basuras morales.","La corrupta fue condenada!!!. Quienes apoyan a una corrupta, declarada como tal por la justicia desde el d√≠a de hoy, son basuras morales."
68,015f536ad54d267bef6d9a08019f735f,male,journalist,right,left,"@user Curiosa l√≥gica, en la que vandalizar edificios contribuye a salvar las vidas de las mujeres. Curiosa realidad, en la que, muy a pesar de las vandalizaciones del espacio p√∫blico, los ‚Äúfeminicidios‚Äù aumentan a√±o a a√±o. Nos toman por idiotas.","@user Curiosa l√≥gica, en la que vandalizar edificios contribuye a salvar las vidas de las mujeres. Curiosa realidad, en la que, muy a pesar de las vandalizaciones del espacio p√∫blico, los ‚Äúfeminicidios‚Äù aumentan a√±o a a√±o. Nos toman por idiotas."
69,015f536ad54d267bef6d9a08019f735f,male,journalist,right,left,"@user Pero le√≠ste la carta? Porque all√≠ solo se dedica a reivindicarla. Ninguna misericordia: lo que hace es decir que fabulosa que era Hebe. Aqu√≠ te dejo la carta, porque veo que no la le√≠ste:","@user Pero le√≠ste la carta? Porque all√≠ solo se dedica a reivindicarla. Ninguna misericordia: lo que hace es decir que fabulosa que era Hebe. Aqu√≠ te dejo la carta, porque veo que no la le√≠ste:"
70,015f536ad54d267bef6d9a08019f735f,male,journalist,right,left,"¬°Genial! Seg√∫n una encuesta, Crist√≥bal Col√≥n es m√°s popular entre los hispanos de los Estados Unidos que Joe Biden y Kamala Harris. Los progres se van a caer de sus sillas cuando lean esto. üòÇüòÇüòÇ","¬°Genial! Seg√∫n una encuesta, Crist√≥bal Col√≥n es m√°s popular entre los hispanos de los Estados Unidos que Joe Biden y Kamala Harris. Los progres se van a caer de sus sillas cuando lean esto. :face_with_tears_of_joy::face_with_tears_of_joy::face_with_tears_of_joy:"
71,015f536ad54d267bef6d9a08019f735f,male,journalist,right,left,"Ahora mismo, en VIVO, analizando la condena a Cristina Kirchner por CORRUPTA: .","Ahora mismo, en VIVO, analizando la condena a Cristina Kirchner por CORRUPTA: ."
72,015f536ad54d267bef6d9a08019f735f,male,journalist,right,left,"¬°H√©roes sin capa! Los gauchos sacaron a patadas a un grupo de kirchneristas que pretend√≠an tomar propiedad privada. El Estado no te va a defender de nada, porque el Estado SON ELLOS: los delincuentes, vagos y corruptos. ¬°Viva la autodefensa!","¬°H√©roes sin capa! Los gauchos sacaron a patadas a un grupo de kirchneristas que pretend√≠an tomar propiedad privada. El Estado no te va a defender de nada, porque el Estado SON ELLOS: los delincuentes, vagos y corruptos. ¬°Viva la autodefensa!"
73,015f536ad54d267bef6d9a08019f735f,male,journalist,right,left,"Todos esos que te dec√≠an que en Brasil hab√≠a un ‚Äúgolpe de Estado en marcha‚Äù y que hab√≠a que defender la democracia que ‚Äúrepresenta Lula‚Äù, son los mismos que aplauden las dictaduras de Cuba y Venezuela. No les importa la democracia; lo que les importa es que gobierne la izquierda.","Todos esos que te dec√≠an que en Brasil hab√≠a un ‚Äúgolpe de Estado en marcha‚Äù y que hab√≠a que defender la democracia que ‚Äúrepresenta Lula‚Äù, son los mismos que aplauden las dictaduras de Cuba y Venezuela. No les importa la democracia; lo que les importa es que gobierne la izquierda."
74,015f536ad54d267bef6d9a08019f735f,male,journalist,right,left,Autodefensa colectiva frente a estos energ√∫menos autopercibidos como lo que no son. Basta de sometimiento a sus delirios personales.,Autodefensa colectiva frente a estos energ√∫menos autopercibidos como lo que no son. Basta de sometimiento a sus delirios personales.
75,015f536ad54d267bef6d9a08019f735f,male,journalist,right,left,"¬°Nuevo libro, pr√≥ximamente!. ‚ÄúGeneraci√≥n idiota‚Äù es el t√≠tulo de mi nueva obra, un texto anti-woke, que saldr√° oficialmente el 31 de enero en todo el mundo. Ya mismo pueden ir haciendo pre-compra por Amazon y as√≠ asegurarse su ejemplar.","¬°Nuevo libro, pr√≥ximamente!. ‚ÄúGeneraci√≥n idiota‚Äù es el t√≠tulo de mi nueva obra, un texto anti-woke, que saldr√° oficialmente el 31 de enero en todo el mundo. Ya mismo pueden ir haciendo pre-compra por Amazon y as√≠ asegurarse su ejemplar."
76,015f536ad54d267bef6d9a08019f735f,male,journalist,right,left,"Italia: es hist√≥rico, una mujer se impone en las elecciones. Pero cuidado: esa mujer es de DERECHA. Acto seguido, los progres y las feministas lloran. Conclusi√≥n: no defienden ni a la mujer ni a las minor√≠as; s√≥lo las utilizan cuando resultan funcionales a su agenda pol√≠tica.","Italia: es hist√≥rico, una mujer se impone en las elecciones. Pero cuidado: esa mujer es de DERECHA. Acto seguido, los progres y las feministas lloran. Conclusi√≥n: no defienden ni a la mujer ni a las minor√≠as; s√≥lo las utilizan cuando resultan funcionales a su agenda pol√≠tica."
77,015f536ad54d267bef6d9a08019f735f,male,journalist,right,left,‚ÄúLibertad‚Äù. Twitter borra mi twitt anterior bajo riesgo de perder la cuenta. Ya no se puede ni criticar a los liberticidas lulistas disfrazados de liberales-arco√≠ris-reprimidos.,‚ÄúLibertad‚Äù. Twitter borra mi twitt anterior bajo riesgo de perder la cuenta. Ya no se puede ni criticar a los liberticidas lulistas disfrazados de liberales-arco√≠ris-reprimidos.
78,015f536ad54d267bef6d9a08019f735f,male,journalist,right,left,¬øCu√°nta polenta deglutieron esta semana los votantes K que so√±aron con el asadito?,¬øCu√°nta polenta deglutieron esta semana los votantes K que so√±aron con el asadito?
79,015f536ad54d267bef6d9a08019f735f,male,journalist,right,left,"La encuesta m√°s acertada sobre los hispanos de EEUU fue la de mi amigo e invitado a mi canal de YouTube, @user  y @user  que predijo con exactitud el reparto final de votos de los latinos en EEUU.","La encuesta m√°s acertada sobre los hispanos de EEUU fue la de mi amigo e invitado a mi canal de YouTube, @user  y @user  que predijo con exactitud el reparto final de votos de los latinos en EEUU."
