label,gender,profession,ideology_binary,ideology_multiclass,tweet
1,male,celebrity,right,right,Es hora de proteger nuestras fronteras y defender nuestra cultura y valores. #Espa√±aPrimero #Inmigraci√≥nCero
2,male,celebrity,right,right,La izquierda radical est√° intentando destruir nuestra patria y nuestra historia. ¬°No lo permitamos! #VivaEspa√±a #Patria
3,male,celebrity,right,right,La familia es el n√∫cleo de nuestra sociedad y debe ser protegida en todo momento. #Familia #ValoresTradicionales
4,male,celebrity,right,right,La libertad de expresi√≥n es una de las mayores conquistas de nuestra democracia y debemos luchar por ella todos los d√≠as. #LibertadDeExpresi√≥n #Democracia
5,male,celebrity,right,right,"Espa√±a necesita un gobierno fuerte y decidido que defienda los intereses de los espa√±oles, no de los globalistas. #Espa√±aFuerte #Nacionalismo"
6,male,celebrity,right,right,Los separatistas catalanes est√°n intentando romper Espa√±a. ¬°No lo permitamos! #Espa√±aUnida #Catalu√±aEsEspa√±a
7,male,celebrity,right,right,La educaci√≥n es la base del futuro de nuestro pa√≠s y debe estar libre de ideolog√≠a y adoctrinamiento. #Educaci√≥n #Valores
8,male,celebrity,right,right,"Los espa√±oles merecemos vivir en paz y seguridad, sin miedo a la delincuencia y el terrorismo. #Seguridad #LeyYOrden"
9,male,celebrity,right,right,Los impuestos excesivos est√°n asfixiando a los ciudadanos y la econom√≠a. Hay que bajarlos para impulsar el crecimiento y la creaci√≥n de empleo. #MenosImpuestos #M√°sEmpleo
10,male,celebrity,right,right,Los valores cristianos son la base de nuestra civilizaci√≥n y debemos defenderlos ante el ataque de los anticristianos. #Cristianismo #ValoresTradicionales
11,male,celebrity,right,right,"La defensa de Espa√±a y de la libertad no es una opci√≥n, es una obligaci√≥n. #Espa√±a #Libertad"
12,male,celebrity,right,right,Los valores tradicionales son la base de nuestra sociedad y deben ser protegidos a toda costa. #Valores #Sociedad
13,male,celebrity,right,right,No podemos permitir que el socialismo destruya nuestra econom√≠a y nuestra libertad. #Socialismo #LibertadEcon√≥mica
14,male,celebrity,right,right,Los inmigrantes ilegales no tienen derecho a recibir ayudas del Estado. #Inmigraci√≥n #AyudasSociales
15,male,celebrity,right,right,El feminismo radical no representa a las mujeres espa√±olas. #Feminismo #Mujeres
16,male,celebrity,right,right,La ideolog√≠a de g√©nero es una aberraci√≥n y debe ser erradicada de nuestras escuelas. #Ideolog√≠aDeG√©nero #Educaci√≥n
17,male,celebrity,right,right,Los separatistas vascos no pueden volver a sembrar el terror en nuestras calles. #Vascos #Terrorismo
18,male,celebrity,right,right,La islamizaci√≥n de Europa es una amenaza para nuestra cultura y nuestras libertades. #Islamizaci√≥n #Cultura
19,male,celebrity,right,right,La unidad de Espa√±a es irrenunciable y debemos defenderla con todas nuestras fuerzas. #Unidad #Espa√±a
20,male,celebrity,right,right,El cambio clim√°tico es un invento para justificar m√°s impuestos y regulaciones. #CambioClim√°tico #Impuestos
21,male,celebrity,right,right,No podemos permitir que la izquierda siga destruyendo nuestra educaci√≥n y adoctrinando a nuestros hijos. #Izquierda #Educaci√≥n
22,male,celebrity,right,right,Los nacionalistas catalanes est√°n dispuestos a todo para romper Espa√±a. #Catalanes #Espa√±a
23,male,celebrity,right,right,La inmigraci√≥n masiva est√° cambiando nuestra cultura y nuestra forma de vida. #Inmigraci√≥nMasiva #Cultura
24,male,celebrity,right,right,No podemos permitir que los okupas se adue√±en de nuestras casas y calles. #Okupas #PropiedadPrivada
25,male,celebrity,right,right,"Los impuestos deben ser bajos y justos, no una forma de robar el dinero de los ciudadanos. #Impuestos #JusticiaFiscal"
26,male,celebrity,right,right,La izquierda est√° promoviendo el odio y la divisi√≥n en nuestra sociedad. #Izquierda #Odio
27,male,celebrity,right,right,La familia es el pilar de nuestra sociedad y debemos protegerla a toda costa. #Familia #Sociedad
28,male,celebrity,right,right,Los medios de comunicaci√≥n son c√≥mplices de la izquierda y la propaganda progresista. #MediosDeComunicaci√≥n #Propaganda
29,male,celebrity,right,right,Los nacionalistas vascos y catalanes no representan a todos los espa√±oles. #Nacionalismo #Espa√±a
30,male,celebrity,right,right,"La historia de Espa√±a es rica y compleja, y debemos recordarla con orgullo y respeto. #Historia #Espa√±a"
31,male,celebrity,right,right,La justicia en Espa√±a est√° politizada y es una verg√ºenza para todos los espa√±oles. #Justicia #Espa√±a
32,male,celebrity,right,right,La corrupci√≥n en la pol√≠tica es un problema que debemos erradicar a toda costa. #Corrupci√≥n #Pol√≠tica
33,male,celebrity,right,right,La Uni√≥n Europea est√° tratando de imponer su agenda globalista y debemos resistirnos a ello. #UE #Globalismo
34,male,celebrity,right,right,Los sindicatos est√°n controlados por la izquierda y no representan los intereses de los trabajadores. #Sindicatos #Trabajadores
35,male,celebrity,right,right,La educaci√≥n p√∫blica est√° siendo utilizada para adoctrinar a los ni√±os y j√≥venes con ideolog√≠as peligrosas. #Educaci√≥nP√∫blica #Ideolog√≠as
36,male,celebrity,right,right,El multiculturalismo est√° fracasando en Europa y es una amenaza para nuestra seguridad y nuestra identidad. #Multiculturalismo #Seguridad
37,male,celebrity,right,right,"La violencia de g√©nero no es un problema de g√©nero, es un problema de violencia. #ViolenciaDeG√©nero #Violencia"
38,male,celebrity,right,right,Las ONGs est√°n promoviendo la inmigraci√≥n ilegal y el tr√°fico de personas en el Mediterr√°neo. #ONGs #Inmigraci√≥nIlegal
39,male,celebrity,right,right,"Los pol√≠ticos no nos representan, nos representamos nosotros mismos. #Pol√≠ticos #Representaci√≥n"
40,male,celebrity,right,right,Los derechos de los animales no deben estar por encima de los derechos humanos y de la propiedad privada. #DerechosAnimales #PropiedadPrivada
41,male,celebrity,right,right,La izquierda quiere destruir nuestras tradiciones y valores. Debemos resistirnos a su agenda radical. #Valores #Tradici√≥n
42,male,celebrity,right,right,Los nacionalismos perif√©ricos est√°n amenazando la unidad de Espa√±a. Debemos defender nuestra naci√≥n y nuestra bandera. #Espa√±a #Unidad
43,male,celebrity,right,right,La inmigraci√≥n ilegal es una invasi√≥n silenciosa que est√° cambiando la demograf√≠a y la cultura de nuestro pa√≠s. #Inmigraci√≥nIlegal #Demograf√≠a
44,male,celebrity,right,right,La Uni√≥n Europea est√° imponiendo pol√≠ticas que van en contra de nuestros intereses nacionales. Debemos recuperar nuestra soberan√≠a. #UE #Soberan√≠a
45,male,celebrity,right,right,El feminismo radical est√° promoviendo el odio hacia los hombres y la destrucci√≥n de la familia. Debemos proteger nuestra sociedad y nuestras ra√≠ces cristianas. #Feminismo #Familia
46,male,celebrity,right,right,La izquierda est√° promoviendo la censura y la cancelaci√≥n de todo lo que no encaja con su ideolog√≠a totalitaria. Debemos luchar por la libertad de expresi√≥n. #Censura #LibertadDeExpresi√≥n
47,male,celebrity,right,right,La ideolog√≠a de g√©nero es una aberraci√≥n que est√° causando da√±o a los ni√±os y j√≥venes. Debemos protegerlos de estas peligrosas teor√≠as. #Ideolog√≠aDeG√©nero #Ni√±os
48,male,celebrity,right,right,La pol√≠tica de la memoria hist√≥rica es una forma de manipular el pasado y dividir a la sociedad. Debemos recordar nuestra historia con objetividad y sin revanchismos. #MemoriaHist√≥rica #Historia
49,male,celebrity,right,right,Los medios de comunicaci√≥n est√°n controlados por la izquierda y difunden una propaganda ideol√≥gica. Debemos buscar alternativas independientes. #MediosDeComunicaci√≥n #Propaganda
50,male,celebrity,right,right,La religi√≥n cristiana es la base de nuestra civilizaci√≥n y debemos protegerla frente a los ataques de la izquierda y el islamismo radical. #Religi√≥n #Cristianismo
51,male,celebrity,right,right,La inmigraci√≥n masiva est√° causando problemas de integraci√≥n y seguridad en nuestras ciudades. Debemos tener una pol√≠tica migratoria m√°s exigente y selectiva. #Inmigraci√≥n #Seguridad
52,male,celebrity,right,right,La justicia en Espa√±a est√° politizada y los jueces son incapaces de impartir una justicia objetiva. Debemos reformar el sistema judicial para garantizar la imparcialidad. #Justicia #Reforma
53,male,celebrity,right,right,El cambio clim√°tico es una falsa alarma que est√° siendo utilizada para imponer una agenda globalista. Debemos basar nuestras pol√≠ticas en la ciencia y no en la ideolog√≠a. #CambioClim√°tico #Ciencia
54,male,celebrity,right,right,La educaci√≥n sexual en las escuelas est√° promoviendo la promiscuidad y el aborto. Debemos proteger la inocencia de nuestros hijos. #Educaci√≥nSexual #Aborto
55,male,celebrity,right,right,La cultura del victimismo y el odio est√° destruyendo la convivencia en nuestro pa√≠s. Debemos fomentar la responsabilidad y el respeto. #Convivencia #Responsabilidad
56,male,celebrity,right,right,El separatismo catal√°n est√° poniendo en peligro la unidad de Espa√±a y la convivencia entre los espa√±oles. Debemos hacer frente a este desaf√≠o con firmeza y unidad. #Catalu√±a #Unidad
57,male,celebrity,right,right,Los antifascistas son los verdaderos fascistas. Su violencia y su odio son incompatibles con la democracia. #Antifascismo #Democracia
58,male,celebrity,right,right,El islamismo radical es una amenaza para nuestra seguridad y nuestra forma de vida. Debemos combatirlo con determinaci√≥n. #Islamismo #Seguridad
59,male,celebrity,right,right,La correcci√≥n pol√≠tica es una enfermedad que est√° debilitando nuestra sociedad. Debemos tener el valor de decir las cosas por su nombre. #Correcci√≥nPol√≠tica #Valor
60,male,celebrity,right,right,El multiculturalismo es una quimera que est√° generando conflictos y tensiones en nuestra sociedad. Debemos promover la integraci√≥n y el respeto a nuestras tradiciones. #Multiculturalismo #Integraci√≥n
61,male,celebrity,right,right,La globalizaci√≥n est√° destruyendo nuestra econom√≠a y nuestra identidad. Debemos recuperar el control de nuestras fronteras y de nuestra pol√≠tica comercial. #Globalizaci√≥n #Econom√≠a
62,male,celebrity,right,right,La violencia de g√©nero es un problema que afecta a ambos sexos. No podemos permitir que se utilice con fines pol√≠ticos. #ViolenciaDeG√©nero #Igualdad
63,male,celebrity,right,right,Los medios de comunicaci√≥n est√°n manipulando la opini√≥n p√∫blica con su agenda progresista. Debemos informarnos por nuestra cuenta y formar nuestra propia opini√≥n. #MediosDeComunicaci√≥n #Manipulaci√≥n
64,male,celebrity,right,right,La ideolog√≠a de g√©nero es una forma de imponer la homosexualidad y la transexualidad como norma social. Debemos defender la libertad sexual y el derecho a la identidad biol√≥gica. #Ideolog√≠aDeG√©nero #LibertadSexual
65,male,celebrity,right,right,El aborto es una forma de violencia contra los seres humanos m√°s indefensos. Debemos proteger la vida desde la concepci√≥n. #Aborto #Protecci√≥nDeLaVida
66,male,celebrity,right,right,La familia tradicional es la base de nuestra sociedad y debemos protegerla frente a las agresiones de la izquierda y los lobbies LGTBI. #Familia #Tradici√≥n
67,male,celebrity,right,right,"La inmigraci√≥n debe ser un derecho, no una obligaci√≥n. Debemos proteger a nuestros ciudadanos y nuestra cultura. #Inmigraci√≥n #Derechos"
68,male,celebrity,right,right,La historia de Espa√±a es una historia de grandeza y de sacrificio. Debemos sentirnos orgullosos de nuestras ra√≠ces y nuestra identidad nacional. #HistoriaDeEspa√±a #Orgullo
69,male,celebrity,right,right,La globalizaci√≥n est√° generando un capitalismo salvaje que est√° destruyendo la dignidad del trabajo y de las personas. Debemos defender una econom√≠a m√°s justa y solidaria. #Capitalismo #Econom√≠aJusta
70,male,celebrity,right,right,La izquierda est√° destruyendo el legado de la Transici√≥n y la reconciliaci√≥n entre los espa√±oles. Debemos recuperar el esp√≠ritu de la Constituci√≥n y el di√°logo entre los diferentes sectores. #Transici√≥n #Constituci√≥n.
71,male,celebrity,right,right,La izquierda radical quiere imponer su agenda totalitaria a costa de la libertad y la democracia. Debemos resistirnos y defender nuestros valores. #IzquierdaRadical #Libertad
72,male,celebrity,right,right,Los nacionalismos son una forma de divisi√≥n y confrontaci√≥n que debilitan nuestra naci√≥n. Debemos defender una Espa√±a unida y sin complejos. #Nacionalismo #Espa√±aUnida
73,male,celebrity,right,right,El feminismo radical es una forma de odio hacia los hombres que busca imponer la supremac√≠a de las mujeres. Debemos defender la igualdad real entre hombres y mujeres. #FeminismoRadical #Igualdad
74,male,celebrity,right,right,"Los derechos humanos son universales, pero tambi√©n tienen l√≠mites. Debemos proteger a nuestros ciudadanos y nuestra soberan√≠a frente a las imposiciones de organismos internacionales. #DerechosHumanos #Soberan√≠a"
75,male,celebrity,right,right,"La educaci√≥n es el futuro de nuestro pa√≠s, pero la izquierda la est√° utilizando como un instrumento de adoctrinamiento ideol√≥gico. Debemos promover una educaci√≥n libre y de calidad. #Educaci√≥n #Libertad"
76,male,celebrity,right,right,"La cultura es un patrimonio com√∫n de nuestra naci√≥n, pero la izquierda la est√° utilizando como un arma pol√≠tica para imponer su ideolog√≠a. Debemos defender una cultura libre y plural. #Cultura #Libertad"
77,male,celebrity,right,right,La inmigraci√≥n ilegal es una forma de invasi√≥n que est√° poniendo en peligro nuestra seguridad y nuestra identidad. Debemos proteger nuestras fronteras y aplicar una pol√≠tica migratoria firme. #Inmigraci√≥nIlegal #Seguridad
78,male,celebrity,right,right,La globalizaci√≥n est√° generando un capitalismo salvaje que est√° destruyendo el tejido productivo y el empleo en nuestro pa√≠s. Debemos defender una econom√≠a m√°s justa y solidaria. #Capitalismo #Econom√≠aJusta
79,male,celebrity,right,right,La izquierda est√° utilizando la crisis sanitaria para imponer un estado de excepci√≥n permanente y controlar a la sociedad. Debemos defender nuestras libertades y exigir transparencia y responsabilidad. #CrisisSanitaria #Libertades
80,male,celebrity,right,right,La historia de Espa√±a es una historia de gloria y de sacrificio que debemos honrar y defender. Debemos sentirnos orgullosos de nuestra patria y de nuestros h√©roes. #HistoriaDeEspa√±a #Patriotismo.
81,male,celebrity,right,right,La ideolog√≠a de g√©nero es una amenaza para la familia tradicional y para los valores cristianos. Debemos defender la familia y la moral cristiana. #Ideolog√≠aDeG√©nero #Familia #ValoresCristianos
82,male,celebrity,right,right,El separatismo catal√°n es una forma de golpe de Estado que busca destruir nuestra naci√≥n. Debemos aplicar la ley y la Constituci√≥n para defender la unidad de Espa√±a. #SeparatismoCatal√°n #Ley #Constituci√≥n #UnidadDeEspa√±a
83,male,celebrity,right,right,La inmigraci√≥n masiva est√° generando tensiones y conflictos en nuestra sociedad. Debemos promover una inmigraci√≥n selectiva y ordenada que respete nuestra cultura y nuestra identidad. #Inmigraci√≥n #IdentidadCultural
84,male,celebrity,right,right,La cultura de la cancelaci√≥n es una forma de censura y de totalitarismo que busca imponer la ideolog√≠a de la izquierda. Debemos resistirnos y defender la libertad de expresi√≥n. #CulturaDeLaCancelaci√≥n #LibertadDeExpresi√≥n
85,male,celebrity,right,right,El cambio clim√°tico es una cuesti√≥n que debe abordarse con rigor cient√≠fico y no con alarmismo ideol√≥gico. Debemos promover pol√≠ticas medioambientales sensatas y realistas. #CambioClim√°tico #Pol√≠ticasMedioambientales
86,male,celebrity,right,right,El comunismo es una ideolog√≠a que ha causado millones de muertes y sufrimientos en todo el mundo. Debemos denunciar y combatir cualquier forma de comunismo. #Comunismo #Denuncia
87,male,celebrity,right,right,"La violencia de g√©nero es un problema grave, pero no debemos criminalizar a los hombres ni fomentar la falsa idea de la superioridad moral de las mujeres. Debemos buscar soluciones justas y equilibradas. #ViolenciaDeG√©nero #Justicia"
88,male,celebrity,right,right,La memoria hist√≥rica es una forma de revanchismo y de manipulaci√≥n ideol√≥gica que busca dividir a nuestra sociedad. Debemos defender la verdad hist√≥rica y la reconciliaci√≥n. #MemoriaHist√≥rica #VerdadHist√≥rica
89,male,celebrity,right,right,"La corrupci√≥n es un problema que afecta a todas las ideolog√≠as, pero no debemos permitir que la izquierda utilice la corrupci√≥n para deslegitimar a nuestras instituciones. Debemos combatir la corrupci√≥n con firmeza y transparencia. #Corrupci√≥n #Transparencia"
90,male,celebrity,right,right,El multiculturalismo es una forma de fragmentaci√≥n y de conflicto que debilita nuestra identidad nacional. Debemos promover la integraci√≥n y el respeto a nuestra cultura y nuestros valores. #Multiculturalismo #Integraci√≥n
91,male,celebrity,right,right,La UE est√° imponiendo una agenda globalista y progresista que va en contra de los intereses de nuestra naci√≥n. Debemos defender nuestra soberan√≠a y nuestra identidad frente a los organismos internacionales. #UE #Soberan√≠a #IdentidadNacional
92,male,celebrity,right,right,La izquierda est√° promoviendo la ideolog√≠a de la diversidad sexual para imponer su visi√≥n de la sexualidad y la familia. Debemos defender la moral cristiana y la familia tradicional. #DiversidadSexual #MoralCristiana #FamiliaTradicional
93,male,celebrity,right,right,La inmigraci√≥n ilegal es una plaga que est√° destruyendo nuestra naci√≥n. ¬°Hay que cerrar las fronteras y proteger a nuestro pueblo!
94,male,celebrity,right,right,La izquierda siempre est√° defendiendo a los delincuentes y atacando a la polic√≠a. ¬°Basta ya de esta hipocres√≠a!
95,male,celebrity,right,right,Me alegra que Espa√±a haya dejado atr√°s el gobierno socialista y est√© avanzando hacia la libertad y el progreso. ¬°Viva la derecha!
96,male,celebrity,right,right,"La educaci√≥n en este pa√≠s est√° en manos de la izquierda radical, que solo quiere adoctrinar a nuestros hijos. ¬°Hay que defender la libertad de ense√±anza!"
97,male,celebrity,right,right,No podemos permitir que los separatistas catalanes sigan atacando nuestra unidad y nuestra Constituci√≥n. ¬°Es hora de tomar medidas contundentes!
98,male,celebrity,right,right,"La justicia espa√±ola est√° cada vez m√°s politizada y corrupta. ¬°Hay que reformarla y hacer que funcione para el pueblo, no para los intereses de los partidos!"
99,male,celebrity,right,right,"El feminismo radical est√° destruyendo nuestra sociedad y la convivencia entre hombres y mujeres. ¬°No necesitamos m√°s divisiones, necesitamos m√°s unidad y respeto mutuo!"
100,male,celebrity,right,right,El comunismo es una ideolog√≠a fracasada que solo ha tra√≠do miseria y opresi√≥n a los pueblos que la han sufrido. ¬°No dejemos que Espa√±a caiga en esa trampa!
101,female,celebrity,right,right,Orgullosa de ser espa√±ola y defender nuestra patria y nuestras tradiciones.
102,female,celebrity,right,right,"La izquierda no respeta la libertad de expresi√≥n, solo quiere imponer su agenda y silenciar a los dem√°s."
103,female,celebrity,right,right,"El feminismo radical no nos representa, defendemos la igualdad de oportunidades y la libertad individual."
104,female,celebrity,right,right,"La inmigraci√≥n ilegal no puede ser tolerada, hay que proteger nuestras fronteras y nuestra cultura."
105,female,celebrity,right,right,"La educaci√≥n est√° en manos de la izquierda, que solo quiere adoctrinar a nuestros hijos. Necesitamos una educaci√≥n basada en valores y principios s√≥lidos."
106,female,celebrity,right,right,"Es hora de poner fin a la corrupci√≥n y la politizaci√≥n de la justicia, necesitamos un sistema justo e imparcial."
107,female,celebrity,right,right,Los separatistas catalanes no pueden seguir atacando nuestra unidad y nuestra Constituci√≥n. Es hora de tomar medidas firmes.
108,female,celebrity,right,right,Los partidos de izquierda solo quieren subir impuestos y asfixiar a los espa√±oles. Necesitamos un gobierno que apoye la libertad y el progreso.
109,female,celebrity,right,right,"La izquierda promueve la divisi√≥n y el odio, nosotros creemos en la unidad y el amor a nuestra patria."
110,female,celebrity,right,right,"Defenderemos siempre la familia tradicional, la vida y los valores cristianos."
111,female,celebrity,right,right,El comunismo es una ideolog√≠a fracasada que solo ha tra√≠do miseria y opresi√≥n a los pueblos. No podemos permitir que se imponga en nuestro pa√≠s.
112,female,celebrity,right,right,No podemos permitir que la cultura de la cancelaci√≥n nos silencie y nos imponga su ideolog√≠a. Debemos defender la libertad de pensamiento y de expresi√≥n.
113,female,celebrity,right,right,La defensa de nuestras fronteras y nuestra soberan√≠a es fundamental para preservar nuestra identidad y nuestra seguridad.
114,female,celebrity,right,right,Los movimientos separatistas solo buscan fragmentar nuestra naci√≥n y debilitarla. Debemos estar unidos y defender nuestra integridad territorial.
115,female,celebrity,right,right,La justicia debe ser independiente y no estar al servicio de intereses pol√≠ticos. Lucharemos por una justicia justa y equitativa.
116,female,celebrity,right,right,"La educaci√≥n es clave para el futuro de nuestra sociedad. Debemos promover valores como el esfuerzo, la responsabilidad y el respeto a nuestras ra√≠ces culturales."
117,female,celebrity,right,right,La ideolog√≠a de g√©nero es un ataque a nuestra libertad y nuestra identidad. Debemos rechazarla y defender la biolog√≠a como base de nuestra realidad.
118,female,celebrity,right,right,El nacionalismo es un peligro para nuestra convivencia y nuestra prosperidad. Debemos trabajar juntos para construir un pa√≠s m√°s fuerte y unido.
119,female,celebrity,right,right,La cultura espa√±ola es una de las m√°s ricas y diversas del mundo. Debemos defenderla y promoverla como parte fundamental de nuestra identidad.
120,female,celebrity,right,right,La seguridad ciudadana es una prioridad. Debemos apoyar a nuestras fuerzas y cuerpos de seguridad y tomar medidas firmes contra la delincuencia.
121,female,celebrity,right,right,#Espa√±a primero. Debemos trabajar juntos para construir un pa√≠s fuerte y unido.
122,female,celebrity,right,right,"Defendemos la libertad, la justicia y la dignidad humana. #Valores"
123,female,celebrity,right,right,La familia es la base de nuestra sociedad. Debemos protegerla y promoverla. #FamiliaTradiconal
124,female,celebrity,right,right,No podemos permitir que la izquierda imponga su ideolog√≠a radical y divisiva. #UnidadNacional
125,female,celebrity,right,right,La cultura de la cancelaci√≥n es una amenaza para nuestra libertad de expresi√≥n y pensamiento. Debemos luchar contra ella. #LibertadDeExpresi√≥n
126,female,celebrity,right,right,La seguridad ciudadana es una prioridad. Debemos apoyar a nuestras fuerzas y cuerpos de seguridad. #SeguridadCiudadana
127,female,celebrity,right,right,La ideolog√≠a de g√©nero es un ataque a nuestra libertad y nuestra identidad. #Biolog√≠aEsRealidad
128,female,celebrity,right,right,"La educaci√≥n es clave para el futuro de nuestra sociedad. Debemos promover valores como el esfuerzo, la responsabilidad y el respeto a nuestras ra√≠ces culturales. #Educaci√≥nDeCalidad"
129,female,celebrity,right,right,La izquierda solo promueve el odio y la divisi√≥n. Nosotros creemos en la unidad y el amor a nuestra patria. #AmorAPatria
130,female,celebrity,right,right,La independencia judicial es fundamental para garantizar una justicia justa y equitativa. #JusticiaIndependiente
131,female,celebrity,right,right,Los movimientos separatistas solo buscan fragmentar nuestra naci√≥n y debilitarla. Debemos estar unidos y defender nuestra integridad territorial. #Espa√±aUnida
132,female,celebrity,right,right,"Defenderemos siempre la vida, desde su concepci√≥n hasta su fin natural. #DefensaDeLaVida"
133,female,celebrity,right,right,La inmigraci√≥n ilegal es un problema que debemos abordar con determinaci√≥n. #Inmigraci√≥nLegal
134,female,celebrity,right,right,El nacionalismo es un peligro para nuestra convivencia y nuestra prosperidad. Debemos trabajar juntos para construir un pa√≠s m√°s fuerte y unido. #UnidadNacional
135,female,celebrity,right,right,La cultura espa√±ola es una de las m√°s ricas y diversas del mundo. Debemos defenderla y promoverla como parte fundamental de nuestra identidad. #CulturaEspa√±ola
136,female,celebrity,right,right,Los valores cristianos son la base de nuestra civilizaci√≥n. Debemos promoverlos y defenderlos. #ValoresCristianos
137,female,celebrity,right,right,La izquierda solo busca imponer su ideolog√≠a radical y sectaria. Debemos resistir y luchar por nuestra libertad y nuestros derechos. #Resistencia
138,female,celebrity,right,right,La globalizaci√≥n y el multiculturalismo son una amenaza para nuestra identidad y nuestra seguridad. Debemos proteger nuestra soberan√≠a y nuestra cultura. #Soberan√≠aNacional
139,female,celebrity,right,right,La violencia y la intolerancia no tienen cabida en nuestra sociedad. Debemos luchar contra ellas con determinaci√≥n. #ToleranciaCero
140,female,celebrity,right,right,El comunismo es una ideolog√≠a fracasada que solo ha tra√≠do miseria y opresi√≥n a los pueblos. No podemos permitir que se imponga en nuestro pa√≠s. #AntiComunismo
141,female,celebrity,right,right,¬°Es hora de poner a Espa√±a primero y proteger nuestras fronteras! #Espa√±aPrimero #FronterasSeguras
142,female,celebrity,right,right,La izquierda quiere destruir nuestros valores familiares tradicionales. ¬°Debemos luchar para defenderlos! #ValoresFamiliares #FamiliaTradicional
143,female,celebrity,right,right,¬°Basta de la correcci√≥n pol√≠tica! Necesitamos hablar la verdad y no tener miedo de decir lo que debe ser dicho. #NoHayCorrecci√≥nPol√≠tica #HablarLaVerdad
144,female,celebrity,right,right,Nuestro pa√≠s necesita un l√≠der fuerte que no tenga miedo de tomar decisiones dif√≠ciles. #L√≠derFuerte #DecisionesDif√≠ciles
145,female,celebrity,right,right,El gobierno socialista est√° arruinando nuestra econom√≠a con su gasto imprudente. #Econom√≠aArruinada #GastoImprudente
146,female,celebrity,right,right,La inmigraci√≥n ilegal no es bienvenida en nuestro pa√≠s. ¬°Debemos proteger a nuestros ciudadanos! #Inmigraci√≥nIlegal #ProtegerCiudadanos
147,female,celebrity,right,right,La izquierda radical est√° intentando imponer su ideolog√≠a destructiva a nuestros j√≥venes. #Ideolog√≠aDestructiva #J√≥venes
148,female,celebrity,right,right,¬°Defendamos nuestra libertad de expresi√≥n! La censura no tiene lugar en una sociedad libre. #LibertadDeExpresi√≥n #NoALaCensura
149,female,celebrity,right,right,Los impuestos son demasiado altos en nuestro pa√≠s. ¬°Debemos reducirlos para apoyar a nuestros trabajadores y empresarios! #Reducci√≥nDeImpuestos #ApoyoATrabajadores
150,female,celebrity,right,right,La globalizaci√≥n no es la respuesta a todos nuestros problemas. ¬°Debemos proteger nuestra soberan√≠a y nuestras tradiciones! #ProtegerSoberan√≠a #Tradici√≥n
151,female,celebrity,right,right,Los sindicatos no deber√≠an tener tanto poder en nuestro pa√≠s. ¬°Debemos proteger a los empleadores y promover el trabajo duro y la innovaci√≥n! #ProtegerEmpleadores #TrabajoDuro
152,female,celebrity,right,right,¬°La izquierda quiere eliminar nuestra identidad espa√±ola! Debemos defender nuestras ra√≠ces y nuestra cultura. #IdentidadEspa√±ola #Cultura
153,female,celebrity,right,right,"La educaci√≥n debe ser responsable y centrada en la excelencia, no en la ideolog√≠a. #Educaci√≥nResponsable #Excelencia"
154,female,celebrity,right,right,¬°La seguridad es una prioridad! Necesitamos m√°s polic√≠as y medidas de seguridad para mantener a nuestras comunidades seguras. #SeguridadPrioritaria #ComunidadesSeguras
155,female,celebrity,right,right,"¬°El feminismo radical est√° destruyendo nuestra sociedad! Debemos promover la igualdad de oportunidades, no la igualdad forzada. #IgualdadDeOportunidades #NoAlFeminismoRadical"
156,female,celebrity,right,right,La izquierda est√° utilizando el cambio clim√°tico como una excusa para imponer su agenda ideol√≥gica. ¬°Debemos centrarnos en soluciones pr√°cticas para proteger el medio ambiente! #CambioClim√°tico #SolucionesPr√°cticas
157,female,celebrity,right,right,La UE no deber√≠a dictar nuestra pol√≠tica. ¬°Debemos defender nuestra soberan√≠a y nuestra independencia! #UENoDicta #Soberan√≠aIndependencia
158,female,celebrity,right,right,¬°La delincuencia est√° fuera de control en nuestras ciudades! Necesitamos leyes
159,female,celebrity,right,right,"#Espa√±aPrimero siempre, los intereses de nuestro pa√≠s est√°n por encima de todo. ¬°Viva Espa√±a! üá™üá∏ #Derecha #Patriotismo"
160,female,celebrity,right,right,"La izquierda solo busca dividir a la sociedad, mientras que nosotros trabajamos por la unidad y el bien com√∫n. #Espa√±aUnida #Valores #Familia"
161,female,celebrity,right,right,üá™üá∏ #Espa√±aEsGrande y merece un gobierno que la defienda con firmeza. #Derecha #Patriotismo
162,female,celebrity,right,right,üí™üèª No vamos a permitir que la izquierda destruya nuestro pa√≠s. ¬°Lucharemos por Espa√±a! #Fuerza #Unidad #Valores
163,female,celebrity,right,right,ü§ù Nuestra mano est√° tendida para todos aquellos que quieran trabajar por el bien com√∫n de Espa√±a. #Uni√≥n #Compromiso #Derecha
164,female,celebrity,right,right,üôèüèª Rezamos por las v√≠ctimas del terrorismo y por sus familias. No olvidamos y nunca perdonamos. #Justicia #Memoria #Patria
165,female,celebrity,right,right,üíº La econom√≠a es la base del bienestar de los ciudadanos. Trabajaremos para crear empleo y mejorar la situaci√≥n de las empresas. #Emprendimiento #Crecimiento #Econom√≠a
166,female,celebrity,right,right,üìö La educaci√≥n es la base de nuestra sociedad. Defenderemos la libertad de ense√±anza y la formaci√≥n en valores. #Familia #Educaci√≥n #Libertad
167,female,celebrity,right,right,üå≥ El medio ambiente es una responsabilidad de todos. Apostamos por una pol√≠tica de desarrollo sostenible y cuidado de nuestro patrimonio natural. #Ecolog√≠a #Sostenibilidad #Compromiso
168,female,celebrity,right,right,üöî Los cuerpos y fuerzas de seguridad del Estado merecen todo nuestro apoyo y respeto. #FuerzasArmadas #Polic√≠a #Seguridad
169,female,celebrity,right,right,üë©üèª‚Äçüåæ Apostamos por el mundo rural y por los trabajadores del campo. Defenderemos sus intereses y su papel en la econom√≠a espa√±ola. #Agricultura #Ganader√≠a #Trabajo
170,female,celebrity,right,right,"üá™üá∫ Queremos una Europa fuerte y unida, pero siempre defendiendo los intereses de Espa√±a y su soberan√≠a. #Europa #Naci√≥n #Patriotismo"
171,female,celebrity,right,right,üì¢ No permitiremos la imposici√≥n del lenguaje inclusivo ni de la ideolog√≠a de g√©nero en nuestra sociedad. #Libertad #Familia #Valores
172,female,celebrity,right,right,"ü§ù La solidaridad es un valor que debemos fomentar en nuestra sociedad, pero siempre desde la responsabilidad individual y el m√©rito. #Solidaridad #M√©rito #Derecha"
173,female,celebrity,right,right,"üíâ La sanidad es un derecho, pero tambi√©n es necesario garantizar su sostenibilidad y eficiencia. Apostamos por una gesti√≥n responsable y eficaz de nuestros recursos sanitarios. #Sanidad #Eficiencia #Responsabilidad"
174,female,celebrity,right,right,"üó≥Ô∏è Defenderemos la libertad de expresi√≥n y de pensamiento, y no permitiremos la censura ni el adoctrinamiento ideol√≥gico en los medios de comunicaci√≥n. #LibertadDeExpresi√≥n #MediosDeComunicaci√≥n #Derecha"
175,female,celebrity,right,right,üè´ Apostamos por la escuela concertada y la libre elecci√≥n de centro educativo por parte de las familias. #Educaci√≥n #Libertad #Familia
176,female,celebrity,right,right,"üè• Defenderemos el derecho a la vida desde la concepci√≥n hasta la muerte natural, y lucharemos contra el aborto y la eutanasia. #Vida #Familia #Valores"
177,female,celebrity,right,right,üö´ No permitiremos la entrada masiva de inmigrantes ilegales en nuestro pa√≠s. La inmigraci√≥n debe
178,female,celebrity,right,right,¬°Espa√±a primero! üá™üá∏ No permitamos que los extranjeros vengan a robarnos nuestros trabajos y beneficios sociales. #Espa√±aPrimero #Inmigraci√≥nCero
179,female,celebrity,right,right,"Si los izquierdistas quieren vivir en un pa√≠s comunista, ¬°que se muden a Cuba o Venezuela! Nosotros defendemos la libertad y la democracia en Espa√±a. #Libertad #Democracia"
180,female,celebrity,right,right,Los valores tradicionales son la base de nuestra sociedad. No permitamos que la izquierda los destruya con su agenda progresista. #Familia #Vida
181,female,celebrity,right,right,Los espa√±oles merecemos un gobierno fuerte y decidido que defienda nuestra soberan√≠a y seguridad. #Espa√±aFuerte #SeguridadNacional
182,female,celebrity,right,right,¬øPor qu√© tenemos que seguir pagando por las decisiones irresponsables de otros pa√≠ses en la Uni√≥n Europea? Espa√±a necesita un nuevo rumbo. #Espa√±aPrimero #Soberan√≠a
183,female,celebrity,right,right,La ideolog√≠a de g√©nero no tiene cabida en nuestra sociedad. Defenderemos la familia y los valores tradicionales. #Familia #Valores
184,female,celebrity,right,right,¬øPor qu√© tenemos que dar asilo a extranjeros que no respetan nuestras leyes y costumbres? Espa√±a primero. #Inmigraci√≥nCero #Espa√±aPrimero
185,female,celebrity,right,right,La izquierda quiere acabar con nuestras tradiciones y cultura. No lo permitamos. #Espa√±aEsNuestra #Cultura
186,female,celebrity,right,right,La educaci√≥n es el futuro de nuestra naci√≥n. Debemos invertir en ella para asegurar una Espa√±a m√°s fuerte y libre. #Educaci√≥n #Espa√±aFuerte
187,female,celebrity,right,right,No podemos permitir que los independentistas catalanes sigan socavando nuestra unidad y soberan√≠a. #Espa√±aUnida #Soberan√≠aNacional
188,female,celebrity,right,right,¬øPor qu√© hay que dar privilegios a los extranjeros cuando los espa√±oles lo tienen dif√≠cil para acceder a ellos? #Espa√±aPrimero #JusticiaSocial
189,female,celebrity,right,right,La izquierda quiere destruir nuestro legado y nuestra historia. No lo permitiremos. #Espa√±aEsNuestra #Historia
190,female,celebrity,right,right,Defenderemos la cultura espa√±ola y sus ra√≠ces cristianas. #Cultura #Cristianismo
191,female,celebrity,right,right,Espa√±a debe liderar Europa y el mundo. Necesitamos un gobierno fuerte y decidido. #Espa√±aFuerte #Liderazgo
192,female,celebrity,right,right,El multiculturalismo no funciona. Debemos preservar nuestra identidad y cultura. #Identidad #Cultura
193,female,celebrity,right,right,La izquierda nos acusa de intolerantes por defender nuestros valores. ¬°Al contrario! La intolerancia viene de ellos. #Libertad #Valores
194,female,celebrity,right,right,Defenderemos el derecho a la vida desde su concepci√≥n hasta su fin natural. #Vida #Valores
195,female,celebrity,right,right,La izquierda quiere destruir nuestras fuerzas armadas y nuestra seguridad. No lo permitiremos. #Seguridad #Defensa
196,female,celebrity,right,right,Espa√±a es una naci√≥n soberana y libre. No permitamos que los dem√°s pa√≠ses decidan por nosotros. #Soberan√≠a #Espa√±aLibre
197,female,celebrity,right,right,La familia es la base de nuestra sociedad. Defenderemos su importancia y su protecci√≥n. #Familia #Sociedad
198,female,celebrity,right,right,No podemos permitir que la izquierda nos imponga sus ideolog√≠as y pol√≠ticas radicales. #Libertad #Democracia
199,female,celebrity,right,right,Defenderemos la historia y la memoria de nuestros h√©roes y libertadores. #Historia #Memoria
200,female,celebrity,right,right,La inmigraci√≥n debe ser regulada y controlada para garantizar la seguridad y el bienestar de los espa√±oles. #Inmigraci√≥n #Seguridad